Model,Accuracy,Precision,Recall,F1-Score,ROC-AUC
Logistic Regression,0.5135,0.20041753653444677,0.48120300751879697,0.2829771554900516,0.5050571463011057
Random Forest,0.7705,0.2222222222222222,0.06015037593984962,0.09467455621301775,0.48861378931400956
